-- Insert into Users (Customers)
INSERT INTO Users (Username, Email, Password, Role, CreatedDate, LastLogin, IsActive)
VALUES
('customer1', 'customer1@example.com', 'Password123!', 'Customer', '2024-01-01 10:00:00', NULL, 1),
('customer2', 'customer2@example.com', 'Password123!', 'Customer', '2024-01-02 11:00:00', NULL, 1),
('customer3', 'customer3@example.com', 'Password123!', 'Customer', '2024-01-03 12:00:00', NULL, 1),
('customer4', 'customer4@example.com', 'Password123!', 'Customer', '2024-01-04 13:00:00', NULL, 1),
('customer5', 'customer5@example.com', 'Password123!', 'Customer', '2024-01-05 14:00:00', NULL, 1),
('customer6', 'customer6@example.com', 'Password123!', 'Customer', '2024-01-06 15:00:00', NULL, 1),
('customer7', 'customer7@example.com', 'Password123!', 'Customer', '2024-01-07 16:00:00', NULL, 1),
('customer8', 'customer8@example.com', 'Password123!', 'Customer', '2024-01-08 17:00:00', NULL, 1),
('customer9', 'customer9@example.com', 'Password123!', 'Customer', '2024-01-09 18:00:00', NULL, 1),
('customer10', 'customer10@example.com', 'Password123!', 'Customer', '2024-01-10 19:00:00', NULL, 1),
('customer11', 'customer11@example.com', 'Password123!', 'Customer', '2024-01-11 20:00:00', NULL, 1),
('customer12', 'customer12@example.com', 'Password123!', 'Customer', '2024-01-12 21:00:00', NULL, 1),
('customer13', 'customer13@example.com', 'Password123!', 'Customer', '2024-01-13 22:00:00', NULL, 1),
('customer14', 'customer14@example.com', 'Password123!', 'Customer', '2024-01-14 23:00:00', NULL, 1),
('customer15', 'customer15@example.com', 'Password123!', 'Customer', '2024-01-15 08:00:00', NULL, 1),
('customer16', 'customer16@example.com', 'Password123!', 'Customer', '2024-01-16 09:00:00', NULL, 1),
('customer17', 'customer17@example.com', 'Password123!', 'Customer', '2024-01-17 10:00:00', NULL, 1),
('customer18', 'customer18@example.com', 'Password123!', 'Customer', '2024-01-18 11:00:00', NULL, 1),
('customer19', 'customer19@example.com', 'Password123!', 'Customer', '2024-01-19 12:00:00', NULL, 1),
('customer20', 'customer20@example.com', 'Password123!', 'Customer', '2024-01-20 13:00:00', NULL, 1);

-- Insert into Users (Sellers)
INSERT INTO Users (Username, Email, Password, Role, CreatedDate, LastLogin, IsActive)
VALUES
('seller1', 'seller1@example.com', 'Password123!', 'Seller', '2024-01-21 14:00:00', NULL, 1),
('seller2', 'seller2@example.com', 'Password123!', 'Seller', '2024-01-22 15:00:00', NULL, 1),
('seller3', 'seller3@example.com', 'Password123!', 'Seller', '2024-01-23 16:00:00', NULL, 1),
('seller4', 'seller4@example.com', 'Password123!', 'Seller', '2024-01-24 17:00:00', NULL, 1),
('seller5', 'seller5@example.com', 'Password123!', 'Seller', '2024-01-25 18:00:00', NULL, 1),
('seller6', 'seller6@example.com', 'Password123!', 'Seller', '2024-01-26 19:00:00', NULL, 1),
('seller7', 'seller7@example.com', 'Password123!', 'Seller', '2024-01-27 20:00:00', NULL, 1),
('seller8', 'seller8@example.com', 'Password123!', 'Seller', '2024-01-28 21:00:00', NULL, 1),
('seller9', 'seller9@example.com', 'Password123!', 'Seller', '2024-01-29 22:00:00', NULL, 1),
('seller10', 'seller10@example.com', 'Password123!', 'Seller', '2024-01-30 23:00:00', NULL, 1),
('seller11', 'seller11@example.com', 'Password123!', 'Seller', '2024-01-31 08:00:00', NULL, 1),
('seller12', 'seller12@example.com', 'Password123!', 'Seller', '2024-02-01 09:00:00', NULL, 1),
('seller13', 'seller13@example.com', 'Password123!', 'Seller', '2024-02-02 10:00:00', NULL, 1),
('seller14', 'seller14@example.com', 'Password123!', 'Seller', '2024-02-03 11:00:00', NULL, 1),
('seller15', 'seller15@example.com', 'Password123!', 'Seller', '2024-02-04 12:00:00', NULL, 1),
('seller16', 'seller16@example.com', 'Password123!', 'Seller', '2024-02-05 13:00:00', NULL, 1),
('seller17', 'seller17@example.com', 'Password123!', 'Seller', '2024-02-06 14:00:00', NULL, 1),
('seller18', 'seller18@example.com', 'Password123!', 'Seller', '2024-02-07 15:00:00', NULL, 1),
('seller19', 'seller19@example.com', 'Password123!', 'Seller', '2024-02-08 16:00:00', NULL, 1),
('seller20', 'seller20@example.com', 'Password123!', 'Seller', '2024-02-09 17:00:00', NULL, 1);

-- Insert into Users (Admins)
INSERT INTO Users (Username, Email, Password, Role, CreatedDate, LastLogin, IsActive)
VALUES
('admin1', 'admin1@example.com', 'AdminPassword1!', 'Admin', '2024-02-10 18:00:00', NULL, 1),
('admin2', 'admin2@example.com', 'AdminPassword1!', 'Admin', '2024-02-11 19:00:00', NULL, 1),
('admin3', 'admin3@example.com', 'AdminPassword1!', 'Admin', '2024-02-12 20:00:00', NULL, 1),
('admin4', 'admin4@example.com', 'AdminPassword1!', 'Admin', '2024-02-13 21:00:00', NULL, 1),
('admin5', 'admin5@example.com', 'AdminPassword1!', 'Admin', '2024-02-14 22:00:00', NULL, 1),
('admin6', 'admin6@example.com', 'AdminPassword1!', 'Admin', '2024-02-15 23:00:00', NULL, 1),
('admin7', 'admin7@example.com', 'AdminPassword1!', 'Admin', '2024-02-16 08:00:00', NULL, 1),
('admin8', 'admin8@example.com', 'AdminPassword1!', 'Admin', '2024-02-17 09:00:00', NULL, 1),
('admin9', 'admin9@example.com', 'AdminPassword1!', 'Admin', '2024-02-18 10:00:00', NULL, 1),
('admin10', 'admin10@example.com', 'AdminPassword1!', 'Admin', '2024-02-19 11:00:00', NULL, 1);


-- Insert into CustomerDetail
INSERT INTO CustomerDetails (CustomerID, FirstName, LastName, PhoneNumber, IsActive)
VALUES
(1, 'Arjun', 'Reddy', '9876543210', 1),
(2, 'Sneha', 'Iyer', '9876543211', 1),
(3, 'Karthik', 'Krishnan', '9876543212', 1),
(4, 'Deepika', 'Nair', '9876543213', 1),
(5, 'Rahul', 'Sharma', '9876543214', 1),
(6, 'Nisha', 'Kumar', '9876543215', 1),
(7, 'Vikram', 'Sinha', '9876543216', 1),
(8, 'Anjali', 'Patel', '9876543217', 1),
(9, 'Ravi', 'Menon', '9876543218', 1),
(10, 'Priya', 'Desai', '9876543219', 1),
(11, 'Amit', 'Verma', '9876543200', 1),
(12, 'Neha', 'Bhatia', '9876543201', 1),
(13, 'Suresh', 'Raghavan', '9876543202', 1),
(14, 'Vani', 'Sankar', '9876543203', 1),
(15, 'Ajay', 'Subramanian', '9876543204', 1),
(16, 'Maya', 'Ishwar', '9876543205', 1),
(17, 'Siddharth', 'Menon', '9876543206', 1),
(18, 'Lakshmi', 'Ravi', '9876543207', 1),
(19, 'Pooja', 'Narasimhan', '9876543208', 1),
(20, 'Kiran', 'Rao', '9876543209', 1);

-- Insert into Seller
INSERT INTO Sellers (SellerID, CompanyName, ContactPerson, ContactNumber, Address, StoreDescription, IsActive)
VALUES
(21, 'Tech Gadgets', 'Arvind Kumar', '9876543211', '123, MG Road, Chennai, Tamil Nadu, 600001', 'Your one-stop shop for the latest gadgets and electronics.', 1),
(22, 'Fashion Hub', 'Sneha Patel', '9876543212', '234, Anna Salai, Chennai, Tamil Nadu, 600002', 'Trendy fashion wear for all ages.', 1),
(23, 'Home Essentials', 'Ravi Suresh', '9876543213', '345, T. Nagar, Chennai, Tamil Nadu, 600017', 'Everything you need for a cozy home.', 1),
(24, 'Sports World', 'Kiran Menon', '9876543214', '456, Besant Nagar, Chennai, Tamil Nadu, 600090', 'Your go-to place for sports gear and apparel.', 1),
(25, 'Beauty Palace', 'Anjali Iyer', '9876543215', '567, Nungambakkam, Chennai, Tamil Nadu, 600034', 'High-quality beauty products for all.', 1),
(26, 'Books & More', 'Deepak Raghavan', '9876543216', '678, Alwarpet, Chennai, Tamil Nadu, 600018', 'A paradise for book lovers.', 1),
(27, 'Kitchen Essentials', 'Maya Krishnan', '9876543217', '789, Velachery, Chennai, Tamil Nadu, 600042', 'Quality kitchenware and appliances.', 1),
(28, 'Toys Galore', 'Siddharth Rao', '9876543218', '890, Mylapore, Chennai, Tamil Nadu, 600004', 'The best toys for kids of all ages.', 1),
(29, 'Health Mart', 'Pooja Desai', '9876543219', '901, Royapettah, Chennai, Tamil Nadu, 600014', 'Your health is our priority with quality products.', 1),
(30, 'Pet Paradise', 'Ravi Kumar', '9876543200', '123, Adyar, Chennai, Tamil Nadu, 600020', 'Everything for your furry friends.', 1),
(31, 'Gourmet Foods', 'Nisha Gupta', '9876543201', '234, Kotturpuram, Chennai, Tamil Nadu, 600085', 'Exquisite food products from around the world.', 1),
(32, 'Mobile Mania', 'Ajay Bhatia', '9876543202', '345, Tambaram, Chennai, Tamil Nadu, 600045', 'Latest mobile phones and accessories.', 1),
(33, 'Jewelry Box', 'Lakshmi Nair', '9876543203', '456, Taramani, Chennai, Tamil Nadu, 600113', 'Stunning jewelry for every occasion.', 1),
(34, 'Fitness Zone', 'Vikram Sinha', '9876543204', '567, Thiruvanmiyur, Chennai, Tamil Nadu, 600041', 'All your fitness needs under one roof.', 1),
(35, 'Gadget Gurus', 'Neha Sharma', '9876543205', '678, Mambalam, Chennai, Tamil Nadu, 600033', 'Expert advice on all tech gadgets.', 1),
(36, 'Outdoor Adventures', 'Karthik Menon', '9876543206', '789, Kottivakkam, Chennai, Tamil Nadu, 600041', 'Gear up for your next adventure.', 1),
(37, 'Bedding & More', 'Arjun Rao', '9876543207', '890, Sholinganallur, Chennai, Tamil Nadu, 600119', 'Comfortable bedding and home textiles.', 1),
(38, 'Travel Essentials', 'Suresh Iyer', '9876543208', '901, Poonamallee, Chennai, Tamil Nadu, 600056', 'Everything you need for your travels.', 1),
(39, 'Art Supplies', 'Ananya Gupta', '9876543209', '123, Kottur, Chennai, Tamil Nadu, 600086', 'Quality supplies for artists and crafters.', 1),
(40, 'Furniture Factory', 'Priya Nair', '9876543210', '234, Mogappair, Chennai, Tamil Nadu, 600037', 'Stylish and affordable furniture for your home.', 1);

-- Insert into SellerDashboard
INSERT INTO SellerDashboards (DashboardID, TotalSales, TotalOrders, TotalProducts, TotalRevenue, LastLogin, IsActive)
VALUES
(21, 150000.00, 100, 50, 200000.00, '2023-09-01', 1),
(22, 250000.00, 200, 100, 300000.00, '2023-09-02', 1),
(23, 300000.00, 150, 75, 400000.00, '2023-09-03', 1),
(24, 180000.00, 80, 40, 220000.00, '2023-09-04', 1),
(25, 500000.00, 300, 150, 600000.00, '2023-09-05', 1),
(26, 120000.00, 70, 30, 150000.00, '2023-09-06', 1),
(27, 200000.00, 90, 60, 250000.00, '2023-09-07', 1),
(28, 750000.00, 400, 200, 800000.00, '2023-09-08', 1),
(29, 90000.00, 50, 20, 100000.00, '2023-09-09', 1),
(30, 130000.00, 75, 25, 170000.00, '2023-09-10', 1),
(31, 30000.00, 30, 10, 40000.00, '2023-09-11', 1),
(32, 280000.00, 150, 80, 350000.00, '2023-09-12', 1),
(33, 470000.00, 300, 140, 500000.00, '2023-09-13', 1),
(34, 65000.00, 40, 15, 70000.00, '2023-09-14', 1),
(35, 220000.00, 100, 55, 300000.00, '2023-09-15', 1),
(36, 320000.00, 175, 85, 450000.00, '2023-09-16', 1),
(37, 40000.00, 35, 12, 45000.00, '2023-09-17', 1),
(38, 550000.00, 350, 160, 600000.00, '2023-09-18', 1),
(39, 85000.00, 60, 22, 90000.00, '2023-09-19', 1),
(40, 110000.00, 65, 28, 130000.00, '2023-09-20', 1);


-- Insert main categories
INSERT INTO Categories (CategoryName, Icon, ParentCategoryId, Status, CreatedAt, IsActive)
VALUES 
('Electronics', 'MdOutlineDevicesOther', NULL,'Approved', '2024-10-04', 1),
('Fashion', 'FaTshirt', NULL, 'Approved', '2024-10-04', 1),
('Home & Furniture', 'GiSofa', NULL, 'Approved', '2024-10-04', 1),
('Sports & Outdoors', 'FaFootballBall', NULL, 'Approved', '2024-10-04', 1),
('Beauty & Health', 'FaHeartbeat', NULL, 'Approved', '2024-10-04', 1),
('Toys & Games', 'FaGamepad', NULL, 'Approved', '2024-10-04', 1),
('Automotive', 'FaCar', NULL, 'Approved', '2024-10-04', 1),
('Books & Media', 'FaBook', NULL, 'Approved', '2024-10-04', 1),
('Grocery', 'GiFruitBowl', NULL, 'Approved', '2024-10-04', 1);

-- Insert subcategories
INSERT INTO Categories (CategoryName, Icon, ParentCategoryId, Status, CreatedAt, IsActive)
VALUES 
-- Electronics Subcategories
('Mobiles', 'MdSmartphone', 1,'Approved', '2024-10-04', 1),
('Laptops', 'MdLaptop', 1, 'Approved', '2024-10-04', 1),
('Televisions', 'MdTv', 1, 'Approved', '2024-10-04', 1),
('Cameras', 'FaCamera', 1,'Approved', '2024-10-04', 1),

-- Fashion Subcategories
('Men\''s Clothing', 'FaMale', 2, 'Approved', '2024-10-04', 1),
('Women\''s Clothing', 'FaFemale', 2,'Approved', '2024-10-04', 1),
('Footwear', 'FaShoePrints', 2,'Approved', '2024-10-04', 1),
('Accessories', 'FaHatCowboy', 2,'Approved', '2024-10-04', 1),

-- Home & Furniture Subcategories
('Living Room', 'GiCouch', 3,'Approved', '2024-10-04', 1),
('Bedroom', 'GiBed', 3, 'Approved', '2024-10-04', 1),
('Kitchen', 'GiKitchenKnives', 3, 'Approved', '2024-10-04', 1),
('Dining', 'GiForkKnifeSpoon', 3,'Approved', '2024-10-04', 1),

-- Sports & Outdoors Subcategories
('Fitness', 'FaDumbbell', 4, 'Approved', '2024-10-04', 1),
('Outdoor Gear', 'GiMountainCave', 4, 'Approved',  '2024-10-04', 1),
('Cycling', 'FaBicycle', 4,'Approved', '2024-10-04', 1),
('Running', 'FaRunning', 4, 'Approved', '2024-10-04', 1),

-- Beauty & Health Subcategories
('Makeup', 'FaPaintBrush', 5, 'Approved', '2024-10-04', 1),
('Skincare', 'FaSpa', 5, 'Approved', '2024-10-04', 1),
('Haircare', 'FaScissors', 5, 'Approved',  '2024-10-04', 1),
('Wellness', 'FaAppleAlt', 5, 'Approved', '2024-10-04', 1),

-- Toys & Games Subcategories
('Action Figures', 'FaRobot', 6, 'Approved', '2024-10-04', 1),
('Board Games', 'FaChess', 6,'Approved',  '2024-10-04', 1),
('Dolls', 'FaChild', 6, 'Approved',  '2024-10-04', 1),
('Educational Toys', 'FaGraduationCap', 6, 'Approved',  '2024-10-04', 1),

-- Automotive Subcategories
('Car Accessories', 'FaTools', 7, 'Approved', '2024-10-04', 1),
('Motorcycle Gear', 'FaMotorcycle', 7, 'Approved', '2024-10-04', 1),
('Car Electronics', 'MdOutlineElectricCar', 7,'Approved', '2024-10-04', 1),
('Tires & Wheels', 'FaCar', 7,'Approved', '2024-10-04', 1),

-- Books & Media Subcategories
('Fiction', 'FaBookOpen', 8, 'Approved', '2024-10-04', 1),
('Non-Fiction', 'FaBookReader', 8, 'Approved', '2024-10-04', 1),
('Magazines', 'FaNewspaper', 8, 'Approved', '2024-10-04', 1),
('Comics', 'FaLaugh', 8, 'Approved', '2024-10-04', 1),

-- Grocery Subcategories
('Fruits & Vegetables', 'GiFruitBowl', 9, 'Approved',  '2024-10-04', 1),
('Dairy Products', 'FaCheese', 9, 'Approved', '2024-10-04', 1),
('Snacks', 'GiPopcorn', 9, 'Approved', '2024-10-04', 1),
('Beverages', 'FaWineGlass', 9, 'Approved', '2024-10-04', 1);

-- Insert Products for Electronics: Mobiles
-- Insert Products for Electronics: Mobiles
INSERT INTO Products (ProductName, Description, Price, StockQuantity, ImageURL, CreatedDate, LastUpdatedDate, IsActive, SellerID, CategoryID, DiscountedPrice, FlashSaleStart, FlashSaleEnd)
VALUES 
('Samsung Galaxy S21', 'Flagship smartphone with 5G technology and top-notch performance', 31999.99, 50, 'https://res.cloudinary.com/dahtekmsn/image/upload/v1728038395/rsw7c3bziosvqolfm0bv.jpg', '2024-10-01', '2024-10-01', 1, 21, 1, 699.99, '2024-10-04', '2024-10-10'),
('iPhone 13', 'Apple iPhone 13 with A15 Bionic chip and improved camera capabilities', 45999.99, 30, 'https://res.cloudinary.com/dahtekmsn/image/upload/v1728018284/61VuVU94RnL._SX679__o2xsnp.jpg', '2024-10-01', '2024-10-01', 1, 21, 1, NULL, NULL, NULL),
('OnePlus 9', 'Affordable flagship with high refresh rate display and Snapdragon processor', 27699.99, 20, 'https://res.cloudinary.com/dahtekmsn/image/upload/v1728018334/61u9zN1HYCL._SX679__azsgge.jpg', '2024-10-01', '2024-10-01', 1, 21, 1, NULL, NULL, NULL),
('Google Pixel 6', 'Google’s flagship phone with an excellent camera and Android 12', 19899.99, 25, 'https://res.cloudinary.com/dahtekmsn/image/upload/v1728018445/Google-Pixel-6-review-best-features_nonwcw.jpg', '2024-10-01', '2024-10-01', 1, 21, 1, NULL, NULL, NULL),
('Xiaomi Mi 11', 'Flagship phone offering high performance and value for money', 13499.99, 100, 'https://res.cloudinary.com/dahtekmsn/image/upload/v1728018485/71aiqeP-APL._SX679_-300x300_gp88by.jpg', '2024-10-01', '2024-10-01', 1, 21, 1, 449.99, '2024-10-03', '2024-10-06'),
('Oppo Find X3 Pro', 'Premium smartphone with 10-bit color display and powerful performance', 12149.99, 10, 'https://res.cloudinary.com/dahtekmsn/image/upload/v1728018663/6363b699d9fabb3ebb798c55-oppo-find-x3-pro-5g-phone-snapdragon-888_l6n8og.jpg', '2024-10-01', '2024-10-01', 1, 21, 1, NULL, NULL, NULL),
('Vivo X60 Pro', 'Smartphone with excellent camera performance and ZEISS optics', 13649.99, 60, 'https://res.cloudinary.com/dahtekmsn/image/upload/v1728018587/vivo-x60-vs-x60-pro-which-one-is-the-best-for-you-1617359598_jwyxit.jpg', '2024-10-01', '2024-10-01', 1, 22, 1, NULL, NULL, NULL),
('Realme GT', 'Affordable smartphone with a powerful Snapdragon 888 processor', 15499.99, 70, 'https://res.cloudinary.com/dahtekmsn/image/upload/v1728018705/REALMEGT2PRO5GPAPERGREEN4T_364e5f2f-3905-4702-9d65-781e3061954f_2048x_qvv9xr.jpg', '2024-10-01', '2024-10-01', 1, 22, 1, 459.99, '2024-10-05', '2024-10-09'),
('Sony Xperia 1 III', 'Flagship phone with 4K display and advanced camera features', 16299.99, 15, 'https://res.cloudinary.com/dahtekmsn/image/upload/v1728018761/61TymT4hCWS_xnwg94.jpg', '2024-10-01', '2024-10-01', 1, 22, 1, 1199.99, '2024-10-02', '2024-10-06'),
('Motorola Edge 20 Pro', 'Premium mid-range smartphone with 144Hz display and strong performance', 15599.99, 80, 'https://res.cloudinary.com/dahtekmsn/image/upload/v1728018805/untitleddesign-2023-10-06t160544-959-500x500_vnv65u.png', '2024-10-01', '2024-10-01', 1, 22, 1, 549.99, '2024-10-04', '2024-10-08');

-- Insert Products for Electronics: Laptops
INSERT INTO Products (ProductName, Description, Price, StockQuantity, ImageURL, CreatedDate, LastUpdatedDate, IsActive, SellerID, CategoryID, DiscountedPrice, FlashSaleStart, FlashSaleEnd)
VALUES 
('Dell XPS 13', 'High-performance laptop with a sleek design.', 86999.99, 50, 'https://res.cloudinary.com/dahtekmsn/image/upload/v1728019041/_57_oetbbv.png', GETDATE(), GETDATE(), 1, 21, 2, 0, NULL, NULL),
('Apple MacBook Air', 'Lightweight and powerful with M1 chip.', 121099.99, 30, 'https://res.cloudinary.com/dahtekmsn/image/upload/v1728019190/csm_IMG_2772_064b8d71d6_mrhaeo.jpg', GETDATE(), GETDATE(), 1, 21, 2, 899.99, '2024-10-05', '2024-10-10'),
('HP Spectre x360', 'Convertible laptop with touch screen.', 81199.99, 20, 'https://res.cloudinary.com/dahtekmsn/image/upload/v1728019300/hp-spectre-x360-14-2024_vmcn_doxxc4.jpg', GETDATE(), GETDATE(), 1, 21, 2,0, NULL, NULL),
('Lenovo ThinkPad X1 Carbon', 'Business laptop with top-notch security.', 81299.99, 15, 'https://res.cloudinary.com/dahtekmsn/image/upload/v1728019227/Lenovo-ThinkPad-X1-Carbon-Gen-12-1_dhulun.jpg', GETDATE(), GETDATE(), 1, 21, 2,0, NULL, NULL),
('ASUS ZenBook 14', 'Ultrabook with impressive battery life.', 86899.99, 25, 'https://res.cloudinary.com/dahtekmsn/image/upload/v1728019332/Lead-2-1_pndgbt.jpg', GETDATE(), GETDATE(), 1, 21, 2,0, NULL, NULL),
('Acer Swift 3', 'Budget-friendly ultrabook for daily use.', 57649.99, 40, 'https://res.cloudinary.com/dahtekmsn/image/upload/v1728019370/02VJPiVMXIN15SF4WmIU5pu-7..v1634750793_g9svsj.jpg', GETDATE(), GETDATE(), 1, 21, 2, 549.99, '2024-10-01', '2024-10-05'),
('Microsoft Surface Laptop 4', 'Premium laptop with a stunning display.', 51399.99, 10, 'https://res.cloudinary.com/dahtekmsn/image/upload/v1728019408/better-sl4-2-100885881-orig_gxwnpy.jpg', GETDATE(), GETDATE(), 1, 22, 2,0, NULL, NULL),
('Razer Blade 15', 'Gaming laptop with powerful performance.', 81999.99, 5, 'https://res.cloudinary.com/dahtekmsn/image/upload/v1728019441/https_3A_2F_2Fhybrismediaprod.blob.core.windows.net_2Fsys-master-phoenix-images-container_2Fh59_2Fh9f_2F9269421670430_2FSkin-Blade15-Geometric-Mercury-Full-500x500_we8wlp.png', GETDATE(), GETDATE(), 1, 23, 2, 1799.99, '2024-10-10', '2024-10-15'),
('HP Envy 13', 'Stylish laptop for creators and professionals.', 67849.99, 20, 'https://res.cloudinary.com/dahtekmsn/image/upload/v1728019470/zqsC3yKyY2oBZeuJgAdXmX_fxemjy.jpg', GETDATE(), GETDATE(), 1, 23, 2,0, NULL, NULL),
('Samsung Galaxy Book Pro 360', '2-in-1 laptop with AMOLED display.', 89099.99, 15, 'https://res.cloudinary.com/dahtekmsn/image/upload/v1728019497/1_Hero_KV_qes2el.jpg', GETDATE(), GETDATE(), 1, 23, 2, 999.99, '2024-10-02', '2024-10-07');


-- Insert Products for Fashion: Men's Clothing
INSERT INTO Products (ProductName, Description, Price, StockQuantity, ImageURL, CreatedDate, LastUpdatedDate, IsActive, SellerID, CategoryID, DiscountedPrice, FlashSaleStart, FlashSaleEnd)
VALUES 
('Men\''s Casual Shirt', 'Stylish casual shirt for everyday wear.', 629.99, 100, 'https://res.cloudinary.com/dahtekmsn/image/upload/v1728019552/LVCBL-Linen-Men-s-Casual-Shirt-Roll-Up-Sleeve-Stand-Up-Collar-Army-Green-3XL_77321bc4-4805-4040-aff7-2f19dd677096.c2fd703e8de03c9abffdaffc1ccc706f_pctlp0.jpg', GETDATE(), GETDATE(), 1, 23, 6,0, NULL, NULL),
('Men\''s Formal Suit', 'Elegant suit for formal occasions.', 2199.99, 20, 'https://res.cloudinary.com/dahtekmsn/image/upload/v1728019894/3-piece-made-to-measure-suit_vttbdw.webp', GETDATE(), GETDATE(), 1, 23, 6,0, NULL, NULL),
('Men\''s Denim Jeans', 'Classic denim jeans for a casual look.', 549.99, 150, 'https://res.cloudinary.com/dahtekmsn/image/upload/v1728019938/men-s-baggy-jeans-stoned-light-blue_e2hljk.jpg', GETDATE(), GETDATE(), 1, 23, 6,0, NULL, NULL),
('Men\''s Sports T-Shirt', 'Breathable sports t-shirt for workouts.', 424.99, 80, 'https://res.cloudinary.com/dahtekmsn/image/upload/v1728019975/1158BL-Front_1200x_losdgk.jpg', GETDATE(), GETDATE(), 1, 23, 6,0, NULL, NULL),
('Men\''s Leather Jacket', 'Premium leather jacket for stylish looks.', 1159.99, 25, 'https://res.cloudinary.com/dahtekmsn/image/upload/v1728020023/vintage-genuine-cowhide-leather-jacket-men-161_dygmto.jpg', GETDATE(), GETDATE(), 1, 23, 6,0, NULL, NULL),
('Men\''s Chino Pants', 'Comfortable chinos for versatile outfits.', 739.99, 100, 'https://res.cloudinary.com/dahtekmsn/image/upload/v1728020054/Bonobos-Men-s-Washed-Slim-Chino-Pant_5bc4f902-3177-4c2e-925b-a98486693a04.16397eba942859ff3a9f0582afb03577_ul3yyy.jpg', GETDATE(), GETDATE(), 1, 23, 6,0, NULL, NULL),
('Men\''s Hoodie', 'Cozy hoodie for a casual style.', 834.99, 60, 'https://res.cloudinary.com/dahtekmsn/image/upload/v1728020083/4_c7b24179-b327-44a9-82c4-c539699bcc47_480x480_yryilh.png', GETDATE(), GETDATE(), 1, 23, 6, 29.99, '2024-10-01', '2024-10-07'),
('Men\''s Swim Trunks', 'Stylish swim trunks for beach days.', 619.99, 70, 'https://res.cloudinary.com/dahtekmsn/image/upload/v1728020117/kona-x-reyn-spooner-men-s-swim-trunks-1-23690029269051_ajvdxh.jpg', GETDATE(), GETDATE(), 1, 23, 6,0, NULL, NULL),
('Men\''s Winter Coat', 'Warm coat for the winter season.', 1129.99, 30, 'https://res.cloudinary.com/dahtekmsn/image/upload/v1728020147/LEEy-world-Winter-Coat-Men-s-Winter-Jacket-Cotton-Coat-Thicken-Casual-Cargo-Bomber-Jacket-Dark-Blue-XL_84ba48a0-caa3-4c79-b11e-385a35ebe283.4362990693fe28d11098acddd3e177f0_oolxyu.jpg', GETDATE(), GETDATE(), 1, 23, 6,0, NULL, NULL),
('Men\''s Active Shorts', 'Comfortable shorts for gym and outdoor activities.', 529.99, 90, 'https://res.cloudinary.com/dahtekmsn/image/upload/v1728020195/61BQITKyI2L._AC_UY1000__z3ilhx.jpg', GETDATE(), GETDATE(), 1, 24, 6,0, NULL, NULL);


-- Insert Products for Fashion: Women's Clothing
INSERT INTO Products (ProductName, Description, Price, StockQuantity, ImageURL, CreatedDate, LastUpdatedDate, IsActive, SellerID, CategoryID, DiscountedPrice, FlashSaleStart, FlashSaleEnd)
VALUES 
('Women\''s Casual Dress', 'Beautiful casual dress for daily wear.', 539.99, 100, 'https://res.cloudinary.com/dahtekmsn/image/upload/v1728020353/7103YD5h4ML._AC_UY350__nrkgvb.jpg', GETDATE(), GETDATE(), 1, 24, 7,0, NULL, NULL),
('Women\''s Formal Blouse', 'Elegant blouse suitable for work or formal events.', 434.99, 80, 'https://res.cloudinary.com/dahtekmsn/image/upload/v1728020385/s-l1200_d2lf21.jpg', GETDATE(), GETDATE(), 1, 24, 7,0, NULL, NULL),
('Women\''s Denim Jacket', 'Classic denim jacket for a trendy look.', 759.99, 70, 'https://res.cloudinary.com/dahtekmsn/image/upload/v1728020412/71GiijcGgpL._AC_UY1000__f8snf1.jpg', GETDATE(), GETDATE(), 1, 24, 7,0, NULL, NULL),
('Women\''s Activewear Leggings', 'Comfortable leggings for workouts.', 429.99, 90, 'https://res.cloudinary.com/dahtekmsn/image/upload/v1728020449/Athletic-Works-Women-s-Active-Fit-Mid-Rise-Leggings-Sizes-S-XXL_5994fde8-ab15-4133-b2da-8637f2d60e65_1.e5503dceec331acd9a1d2039d950c784_ywuugi.jpg', GETDATE(), GETDATE(), 1, 24, 7, 24.99, '2024-10-01', '2024-10-07'),
('Women\''s Maxi Skirt', 'Flowy maxi skirt for a stylish summer outfit.', 534.99, 100, 'https://res.cloudinary.com/dahtekmsn/image/upload/v1728020481/ec3583c20b6ce0f43f8b5144af3ab7d9_btejxn.jpg', GETDATE(), GETDATE(), 1, 23, 7, 0,NULL, NULL),
('Women\''s Summer Blouse', 'Lightweight blouse perfect for warm weather.', 327.99, 120, 'https://res.cloudinary.com/dahtekmsn/image/upload/v1728020514/81qEEWj1OoL._AC_UY1000__lvtdob.jpg', GETDATE(), GETDATE(), 1, 23, 7, 0,NULL, NULL),
('Women\''s Sweater', 'Cozy sweater for chilly days.', 449.99, 50, 'https://res.cloudinary.com/dahtekmsn/image/upload/v1728020552/Aran__L4A7470__97037__47601.1659968618.560.850_aesfpm.jpg', GETDATE(), GETDATE(), 1, 23, 7,0, NULL, NULL),
('Women\''s Shorts', 'Casual shorts for summer outings.', 522.99, 80, 'https://res.cloudinary.com/dahtekmsn/image/upload/v1728020610/livsn-bottoms-women-s-ecotrek-trail-shorts-40510037623003_800x_xdc4dw.jpg', GETDATE(), GETDATE(), 1, 23, 7,0, NULL, NULL),
('Women\''s Workout Top', 'Breathable top for exercise and workouts.', 324.99, 75, 'https://res.cloudinary.com/dahtekmsn/image/upload/v1728020652/TRAININGCROPTANKWhiteB2A5P-WBBM-2167_3840x_fy6fea.jpg', GETDATE(), GETDATE(), 1, 23, 7,0, NULL, NULL),
('Women\''s Pajama Set', 'Soft and comfortable pajama set for relaxation.', 739.99, 60, 'https://res.cloudinary.com/dahtekmsn/image/upload/v1728020688/tesa-babe-women-s-clothing-toile-de-jouy-women-s-pajama-set-29625765068867_whmfhl.jpg', GETDATE(), GETDATE(), 1, 23, 7,0, NULL, NULL);


-- Insert Products for Home & Furniture: Living Room
INSERT INTO Products (ProductName, Description, Price, StockQuantity, ImageURL, CreatedDate, LastUpdatedDate, IsActive, SellerID, CategoryID, DiscountedPrice, FlashSaleStart, FlashSaleEnd)
VALUES 
('Leather Sofa', 'Luxurious leather sofa with modern design.', 38799.99, 20, 'https://res.cloudinary.com/dahtekmsn/image/upload/v1728020721/81U5An6OX9L_sn1v3v.jpg', GETDATE(), GETDATE(), 1, 23, 8,0, NULL, NULL),
('Coffee Table', 'Stylish coffee table made from solid wood.', 5249.99, 15, 'https://res.cloudinary.com/dahtekmsn/image/upload/v1728020754/bilquist-coffee-table-4-o_kbhlpo.jpg', GETDATE(), GETDATE(), 1, 23, 8,0, NULL, NULL),
('TV Stand', 'Spacious TV stand with storage options.', 4299.99, 10, 'https://res.cloudinary.com/dahtekmsn/image/upload/v1728020783/mocha-welwick-designs-tv-stands-hd9731-64_600_fipvgq.jpg', GETDATE(), GETDATE(), 1, 23, 8,0, NULL, NULL),
('Accent Chair', 'Comfortable accent chair for living room decor.', 3199.99, 25, 'https://res.cloudinary.com/dahtekmsn/image/upload/v1728020809/81dcxsgGgYL._AC_UF894_1000_QL80__w2bam5.jpg', GETDATE(), GETDATE(), 1, 23, 8,0, NULL, NULL),
('Bookshelf', 'Stylish bookshelf for your favorite books.', 4349.99, 12, 'https://res.cloudinary.com/dahtekmsn/image/upload/v1728020850/51RvAqriy9L._AC__pv8say.jpg', GETDATE(), GETDATE(), 1, 24, 8,0, NULL, NULL),
('Area Rug', 'Soft area rug to enhance your living space.', 2129.99, 30, 'https://res.cloudinary.com/dahtekmsn/image/upload/v1728020882/129e75b8-d1b5-43cd-9cb8-633c1e7f13f0_dre2307-roomscene_201.jpeg_hzdlmq.jpg', GETDATE(), GETDATE(), 1, 21, 8,0, NULL, NULL),
('Wall Art', 'Beautiful wall art to decorate your living room.', 1289.99, 50, 'https://res.cloudinary.com/dahtekmsn/image/upload/v1728020914/il_570xN.5891530291_6841_cqhyej.jpg', GETDATE(), GETDATE(), 1, 21, 8,0, NULL, NULL),
('Floor Lamp', 'Elegant floor lamp for ambient lighting.', 2119.99, 40, 'https://res.cloudinary.com/dahtekmsn/image/upload/v1728020939/FL13042.0.FL13042NA_vboplp.jpg', GETDATE(), GETDATE(), 1, 21, 8,0, NULL, NULL),
('Side Table', 'Versatile side table for your sofa.', 2489.99, 35, 'https://res.cloudinary.com/dahtekmsn/image/upload/v1728020980/EdContent_SideTable_Square_12wk3_1200x1200202108-191125_1574700735606_hstvog.jpg', GETDATE(), GETDATE(), 1, 21, 8,0, NULL, NULL),
('Ottoman', 'Multifunctional ottoman for seating and storage.', 2149.99, 20, 'https://res.cloudinary.com/dahtekmsn/image/upload/v1728021015/91LbFQj4BzL_nwtavb.jpg', GETDATE(), GETDATE(), 1, 21, 8, 99.99, '2024-10-01', '2024-10-07');

-- Insert Products for Sports & Outdoors: Running
INSERT INTO Products (ProductName, Description, Price, StockQuantity, ImageURL, CreatedDate, LastUpdatedDate, IsActive, SellerID, CategoryID, DiscountedPrice, FlashSaleStart, FlashSaleEnd)
VALUES 
('Running Shoes', 'Lightweight and breathable running shoes.', 1289.99, 50, 'https://res.cloudinary.com/dahtekmsn/image/upload/v1728053518/asics-novablast-4-2-21237238-main_hmm3n4.jpg', GETDATE(), GETDATE(), 1, 21, 12,0, NULL, NULL),
('Performance T-Shirt', 'Moisture-wicking performance t-shirt for runners.', 529.99, 100, 'https://res.cloudinary.com/dahtekmsn/image/upload/w_1000,ar_1:1,c_fill,g_auto,e_art:hokusai/v1728053551/OversizedPerformanceT-ShirtGSBlackA6A4W-BB2J-0263_xxippa.jpg', GETDATE(), GETDATE(), 1, 21, 12,0, NULL, NULL),
('Running Shorts', 'Comfortable running shorts with pockets.', 639.99, 75, 'https://res.cloudinary.com/dahtekmsn/image/upload/v1728053870/Icon2In1RunningShortsBlack-SilhouetteGrey-B4A8Z-BBMW2.195_511c2c85-308c-4c3f-97a4-b0bf1b561f20_uzhpup.jpg', GETDATE(), GETDATE(), 1, 21, 12,0, NULL, NULL),
('Fitness Tracker', 'Advanced fitness tracker with heart rate monitor.', 1149.99, 25, 'https://res.cloudinary.com/dahtekmsn/image/upload/v1728053966/298756_tyh0ah.jpg', GETDATE(), GETDATE(), 1, 21, 12, 0, NULL, NULL),
('Hydration Pack', 'Lightweight hydration pack for long runs.', 459.99, 30, 'https://res.cloudinary.com/dahtekmsn/image/upload/v1728054043/81Ios9WYM7L._AC_UY1000__u9ryqp.jpg', GETDATE(), GETDATE(), 1, 21, 12,0, NULL, NULL),
('Running Cap', 'Breathable cap to protect from sun.', 619.99, 80, 'https://res.cloudinary.com/dahtekmsn/image/upload/v1728054072/incylence-running-cap-electric-thunder-8jpg_2048x_phdiws.jpg', GETDATE(), GETDATE(), 1, 21, 12,0, NULL, NULL),
('Wireless Earbuds', 'Sweat-resistant wireless earbuds for music while running.', 979.99, 40, 'https://res.cloudinary.com/dahtekmsn/image/upload/v1728054119/JLab-JBuds-ANC-True-Wireless-Earbuds-Gen-3-image4_y4mdtb.jpg', GETDATE(), GETDATE(), 1, 21, 12,0, NULL, NULL),
('Running Socks', 'Specialized running socks for comfort.', 714.99, 100, 'https://res.cloudinary.com/dahtekmsn/image/upload/v1728054155/smartwool_yln2vx.webp', GETDATE(), GETDATE(), 1, 21, 12,0, NULL, NULL),
('Reflective Vest', 'Safety reflective vest for night running.', 624.99, 60, 'https://res.cloudinary.com/dahtekmsn/image/upload/v1728054206/high-vis-vest-yellow-ow-0009_k5vtn9.png', GETDATE(), GETDATE(), 1, 21, 12,0, NULL, NULL),
('Running Belt', 'Adjustable running belt for essentials.', 834.99, 50, 'https://res.cloudinary.com/dahtekmsn/image/upload/v1728054245/MAL_Flipbelt_Collection_048_q1veya.jpg', GETDATE(), GETDATE(), 1, 21, 12, NULL,0, NULL);


-- Insert Products for Beauty & Health: Skincare
INSERT INTO Products (ProductName, Description, Price, StockQuantity, ImageURL, CreatedDate, LastUpdatedDate, IsActive, SellerID, CategoryID, DiscountedPrice, FlashSaleStart, FlashSaleEnd)
VALUES 
('Hydrating Facial Serum', 'Lightweight serum to hydrate and plump skin.', 529.99, 100, 'https://res.cloudinary.com/dahtekmsn/image/upload/v1728021058/s-l1200_m5sqng.jpg', GETDATE(), GETDATE(), 1, 21, 5,0, NULL, NULL),
('Sunscreen SPF 50', 'Broad-spectrum sunscreen for daily protection.', 419.99, 200, 'https://res.cloudinary.com/dahtekmsn/image/upload/v1728021116/OGSS_4-min_8a85bc28-4ff2-4c22-b431-b047f5ca144a_w3bmkq.jpg', GETDATE(), GETDATE(), 1, 21, 5,0, NULL, NULL),
('Moisturizing Cream', 'Rich cream to nourish dry skin.', 334.99, 150, 'https://res.cloudinary.com/dahtekmsn/image/upload/v1728021154/birch-moisturizing-cream-round-lab-1_x22jc2.jpg', GETDATE(), GETDATE(), 1, 21, 5, 29.99, '2024-10-01', '2024-10-07'),
('Cleansing Foam', 'Gentle foam cleanser for all skin types.', 424.99, 120, 'https://res.cloudinary.com/dahtekmsn/image/upload/v1728021183/FILORGA_SKIN-PREP_ENZYMATIC_CLEANSING_FOAM_Benefits_vtdril.jpg', GETDATE(), GETDATE(), 1, 21, 5,0, NULL, NULL),
('Exfoliating Scrub', 'Natural scrub to remove dead skin cells.', 319.99, 90, 'https://res.cloudinary.com/dahtekmsn/image/upload/v1728054392/61xt4NYgSFL._AC_UF1000_1000_QL80__pcx8a3.jpg', GETDATE(), GETDATE(), 1, 21, 5,0, NULL, NULL),
('Eye Cream', 'Revitalizing eye cream to reduce puffiness.', 329.99, 80, 'https://res.cloudinary.com/dahtekmsn/image/upload/v1728021204/71YhW0W4R9L._AC_UF1000_1000_QL80__iv6poc.jpg', GETDATE(), GETDATE(), 1, 21, 5,0, NULL, NULL),
('Facial Mask', 'Hydrating sheet mask for instant glow.', 114.99, 200, 'https://res.cloudinary.com/dahtekmsn/image/upload/v1728021236/20230704_Shopify_PE61902_ModelUsingtheProduct_eqt1qt.jpg', GETDATE(), GETDATE(), 1, 21, 5,0, NULL, NULL),
('Lip Balm', 'Natural lip balm for soft, moisturized lips.', 239.99, 300, 'https://res.cloudinary.com/dahtekmsn/image/upload/v1728021280/71KW3m76-lL._AC_UF1000_1000_QL80__dn8hmu.jpg', GETDATE(), GETDATE(), 1, 21, 5,0, NULL, NULL),
('Toner', 'Alcohol-free toner to refresh skin.', 318.99, 150, 'https://res.cloudinary.com/dahtekmsn/image/upload/v1728021300/HQ_IF_GTST_Product_2022AD_01-1080x1080-v1_npce3n.jpg', GETDATE(), GETDATE(), 1, 21, 5,0, NULL, NULL),
('Face Oil', 'Nourishing face oil for a radiant complexion.', 434.99, 75, 'https://res.cloudinary.com/dahtekmsn/image/upload/v1728021300/HQ_IF_GTST_Product_2022AD_01-1080x1080-v1_npce3n.jpg', GETDATE(), GETDATE(), 1, 21, 5,0, NULL, NULL);

-- Insert Products for Toys & Games: Action Figures
INSERT INTO Products (ProductName, Description, Price, StockQuantity, ImageURL, CreatedDate, LastUpdatedDate, IsActive, SellerID, CategoryID, DiscountedPrice, FlashSaleStart, FlashSaleEnd)
VALUES 
('Superhero Action Figure', 'High-quality action figure with multiple points of articulation.', 429.99, 120, 'https://res.cloudinary.com/dahtekmsn/image/upload/v1728021345/71HuWj5zL0L._AC_UF894_1000_QL80__lteybj.jpg', GETDATE(), GETDATE(), 1, 22, 6,0, NULL, NULL),
('Villain Action Figure', 'Detailed villain figure with accessories.', 324.99, 100, 'https://res.cloudinary.com/dahtekmsn/image/upload/v1728021383/71ZTl7-IODL._AC_UF894_1000_QL80__vpsf4k.jpg', GETDATE(), GETDATE(), 1, 22, 6, 19.99, '2024-10-01', '2024-10-07'),
('Robot Action Figure', 'Interactive robot figure with sound effects.', 439.99, 80, 'https://res.cloudinary.com/dahtekmsn/image/upload/v1728021416/3d-model-of-roz-v0-8fqxvvb5j2id1_tt9svt.jpg', GETDATE(), GETDATE(), 1, 22, 6,0, NULL, NULL),
('Fantasy Dragon Figure', 'Impressive dragon figure with wings.', 249.99, 60, 'https://res.cloudinary.com/dahtekmsn/image/upload/v1728021445/IMG_20220103_013835-scaled_zbg87o.jpg', GETDATE(), GETDATE(), 1, 22, 6,0, NULL, NULL),
('Space Warrior Action Figure', 'Space-themed action figure with accessories.', 434.99, 150, 'https://res.cloudinary.com/dahtekmsn/image/upload/v1728021490/c2cb5aee95fe8a_ootykn.webp', GETDATE(), GETDATE(), 1, 22, 6,0, NULL, NULL),
('Military Action Figure', 'Realistic military figure with gear.', 329.99, 90, 'https://res.cloudinary.com/dahtekmsn/image/upload/v1728021533/51NgwZMZUdL._AC_UF894_1000_QL80__wze6xs.jpg', GETDATE(), GETDATE(), 1, 22, 6,0, NULL, NULL),
('Pirate Captain Figure', 'Detailed pirate figure with sword.', 324.99, 110, 'https://res.cloudinary.com/dahtekmsn/image/upload/v1728021563/15747957_hjl8a8.jpg', GETDATE(), GETDATE(), 1, 22, 6, 19.99, '2024-10-01', '2024-10-07'),
('Superhero Sidekick Figure', 'Sidekick figure with unique accessories.', 519.99, 200, 'https://res.cloudinary.com/dahtekmsn/image/upload/v1728021601/s-l400_fyeafp.png', GETDATE(), GETDATE(), 1, 22, 6,0, NULL, NULL),
('Dinosaur Action Figure', 'Realistic dinosaur figure with movable parts.', 429.99, 85, 'https://res.cloudinary.com/dahtekmsn/image/upload/v1728021638/uljwp1ftjlpilp5fts4b_csmdbe.jpg', GETDATE(), GETDATE(), 1, 22, 6,0, NULL, NULL),
('Classic Monster Action Figure', 'Retro monster figure with accessories.', 334.99, 75, 'https://res.cloudinary.com/dahtekmsn/image/upload/v1728021660/Dracula-Action-Figure_zw4lbg.jpg', GETDATE(), GETDATE(), 1, 22, 6,0, NULL, NULL);

-- Insert Products for Automotive: Car Accessories
INSERT INTO Products (ProductName, Description, Price, StockQuantity, ImageURL, CreatedDate, LastUpdatedDate, IsActive, SellerID, CategoryID, DiscountedPrice, FlashSaleStart, FlashSaleEnd)
VALUES 
('Car Phone Mount', 'Universal phone mount for easy access while driving.', 319.99, 200, 'https://res.cloudinary.com/dahtekmsn/image/upload/v1728021701/84231_w6w1i4.jpg', GETDATE(), GETDATE(), 1, 22, 7,0, NULL, NULL),
('Car Seat Covers', 'Durable and stylish seat covers for car interiors.', 749.99, 150, 'https://res.cloudinary.com/dahtekmsn/image/upload/v1728021792/81LZAfIRQYL._AC_UF894_1000_QL80__uq55p6.jpg', GETDATE(), GETDATE(), 1, 22, 7, 39.99, '2024-10-01', '2024-10-07'),
('Steering Wheel Cover', 'Soft and comfortable steering wheel cover.', 614.99, 180, 'https://res.cloudinary.com/dahtekmsn/image/upload/v1728021823/61idZNIVOVL._AC_UF894_1000_QL80__xnzpz0.jpg', GETDATE(), GETDATE(), 1, 22, 7,0, NULL, NULL),
('Car Organizer', 'Multi-functional organizer for car seats.', 629.99, 120, 'https://res.cloudinary.com/dahtekmsn/image/upload/v1728021864/91WpBQ_nZGL_fp68t9.jpg', GETDATE(), GETDATE(), 1, 22, 7,0, NULL, NULL),
('Dash Cam', 'High-definition dash camera for your vehicle.', 779.99, 90, 'https://res.cloudinary.com/dahtekmsn/image/upload/v1728021894/type-s-s401-ultra-hd-4k-dashcam-with-app-control-bt533004-1-113813_700x_obgcmx.jpg', GETDATE(), GETDATE(), 1, 22, 7, 69.99, '2024-10-01', '2024-10-07'),
('Car Vacuum Cleaner', 'Portable vacuum cleaner for car interiors.', 539.99, 130, 'https://res.cloudinary.com/dahtekmsn/image/upload/v1728021948/61f9amdsCoL_naakdr.jpg', GETDATE(), GETDATE(), 1, 22, 7,0, NULL, NULL),
('Trunk Organizer', 'Collapsible trunk organizer for easy storage.', 724.99, 110, 'https://res.cloudinary.com/dahtekmsn/image/upload/v1728021995/underscored-owleys-foldable-trunk-organizer-for-car-2_jow5kn.jpg', GETDATE(), GETDATE(), 1, 22, 7,0, NULL, NULL),
('Car Jump Starter', 'Portable jump starter for emergencies.', 559.99, 70, 'https://res.cloudinary.com/dahtekmsn/image/upload/v1728022026/71IJO8fgacL_dd7beb.jpg', GETDATE(), GETDATE(), 1, 22, 7, 49.99, '2024-10-01', '2024-10-07'),
('Tire Pressure Gauge', 'Digital tire pressure gauge for accurate readings.', 1479.99, 300, 'https://res.cloudinary.com/dahtekmsn/image/upload/v1728022055/712slVLUeSL_hhgli3.jpg', GETDATE(), GETDATE(), 1, 22, 7,0, NULL, NULL),
('LED Car Interior Lights', 'Color-changing LED lights for car interiors.', 929.99, 150, 'https://res.cloudinary.com/dahtekmsn/image/upload/v1728022101/black-govee-under-cabinet-bar-lights-h6119aa1-fa_600_hiyvys.jpg', GETDATE(), GETDATE(), 1, 22, 7,0, NULL, NULL);

-- Insert Products for Books & Media: Fiction
INSERT INTO Products (ProductName, Description, Price, StockQuantity, ImageURL, CreatedDate, LastUpdatedDate, IsActive, SellerID, CategoryID, DiscountedPrice, FlashSaleStart, FlashSaleEnd)
VALUES 
('The Great Gatsby', 'A classic novel by F. Scott Fitzgerald.', 514.99, 250, 'https://res.cloudinary.com/dahtekmsn/image/upload/v1728022125/Screen-Shot-2017-05-31-at-2.19.46-PM_hf4bry.png', GETDATE(), GETDATE(), 1, 23, 8,0, NULL, NULL),
('1984', 'A dystopian novel by George Orwell.', 512.99, 300, 'https://res.cloudinary.com/dahtekmsn/image/upload/v1728022158/3423-medium_y7wnql.jpg', GETDATE(), GETDATE(), 1, 23, 8,0, NULL, NULL),
('To Kill a Mockingbird', 'A novel by Harper Lee about racial injustice.', 415.99, 220, 'https://res.cloudinary.com/dahtekmsn/image/upload/v1728022179/book-cover-To-Kill-a-Mockingbird-many-1961_ay3lrb.jpg', GETDATE(), GETDATE(), 1, 23, 8,0, NULL, NULL),
('The Catcher in the Rye', 'A novel by J.D. Salinger about teenage angst.', 413.99, 270, 'https://res.cloudinary.com/dahtekmsn/image/upload/v1728022217/8125BDk3l9L._AC_UF1000_1000_QL80__nyycag.jpg', GETDATE(), GETDATE(), 1, 23, 8,0, NULL, NULL),
('Pride and Prejudice', 'A romantic novel by Jane Austen.', 311.99, 320, 'https://res.cloudinary.com/dahtekmsn/image/upload/v1728022248/MV5BMTA1NDQ3NTcyOTNeQTJeQWpwZ15BbWU3MDA0MzA4MzE_._V1__wzpcyu.jpg', GETDATE(), GETDATE(), 1, 23, 8,0, NULL, NULL),
('The Hobbit', 'A fantasy novel by J.R.R. Tolkien.', 516.99, 200, 'https://res.cloudinary.com/dahtekmsn/image/upload/v1728022277/712cDO7d73L._AC_UF1000_1000_QL80__i33nnu.jpg', GETDATE(), GETDATE(), 1, 23, 8,0, NULL, NULL),
('The Da Vinci Code', 'A mystery thriller by Dan Brown.', 417.99, 180, 'https://res.cloudinary.com/dahtekmsn/image/upload/v1728022309/91p-Z1BLufL._AC_UF894_1000_QL80__osyw0w.jpg', GETDATE(), GETDATE(), 1, 23, 8, 14.99, '2024-10-01', '2024-10-07'),
('The Alchemist', 'A novel by Paulo Coelho about following your dreams.', 412.99, 250, 'https://res.cloudinary.com/dahtekmsn/image/upload/v1728022326/img_20190505_155026_731_go8qlz.jpg', GETDATE(), GETDATE(), 1, 23, 8,0, NULL, NULL),
('Gone Girl', 'A psychological thriller by Gillian Flynn.', 418.99, 160, 'https://res.cloudinary.com/dahtekmsn/image/upload/v1728022365/713e4Yk6brL._AC_UF1000_1000_QL80__qrhnnk.jpg', GETDATE(), GETDATE(), 1, 23, 8,0, NULL, NULL),
('The Fault in Our Stars', 'A novel by John Green about young love.', 314.99, 230, 'https://res.cloudinary.com/dahtekmsn/image/upload/v1728022379/MV5BYTA4ODg5YWUtYmZiYy00Y2M4LWE0NjEtODE5MzhkYmJmZGEwXkEyXkFqcGc_._V1__fljham.jpg', GETDATE(), GETDATE(), 1, 23, 8,0, NULL, NULL);

-- Insert Products for Grocery: Fruits & Vegetables
INSERT INTO Products (ProductName, Description, Price, StockQuantity, ImageURL, CreatedDate, LastUpdatedDate, IsActive, SellerID, CategoryID, DiscountedPrice, FlashSaleStart, FlashSaleEnd)
VALUES 
('Fresh Apples', 'Crisp and juicy fresh apples.', 202.99, 500, 'https://res.cloudinary.com/dahtekmsn/image/upload/w_1000,ar_1:1,c_fill,g_auto,e_art:hokusai/v1728022415/0a5ae820-7051-4495-bcca-61bf02897472_yvr138.jpg', GETDATE(), GETDATE(), 1, 24, 9,0, NULL, NULL),
('Organic Bananas', 'Sweet and ripe organic bananas.', 51.99, 600, 'https://res.cloudinary.com/dahtekmsn/image/upload/v1728022436/Marketside-Fresh-Organic-Bananas-Bunch_4b15d1c6-03e7-489b-96cb-7d4b1edeb927.042464e5bc52fa0421f255d04ec525a4_mig2br.jpg', GETDATE(), GETDATE(), 1, 24, 9,0, NULL, NULL),
('Green Grapes', 'Delicious and fresh green grapes.', 63.49, 300, 'https://res.cloudinary.com/dahtekmsn/image/upload/v1728022491/GreenGrapes_horsec.png', GETDATE(), GETDATE(), 1, 24, 9, 2.99, '2024-10-02', '2024-10-09'),
('Carrots', 'Crunchy carrots rich in vitamins.', 51.49, 400, 'https://res.cloudinary.com/dahtekmsn/image/upload/v1728022527/Carrot__40927.1634584458_kx36bc.jpg', GETDATE(), GETDATE(), 1, 24, 9,0, NULL, NULL),
('Tomatoes', 'Fresh tomatoes for salads and cooking.', 42.29, 500, 'https://res.cloudinary.com/dahtekmsn/image/upload/v1728022573/Fresh-Slicing-Tomato-Each_a1e8e44a-2b82-48ab-9c09-b68420f6954c.04f6e0e87807fc5457f57e3ec0770061_wikrni.jpg', GETDATE(), GETDATE(), 1, 24, 9,0, NULL, NULL),
('Broccoli', 'Nutritious and fresh broccoli.', 32.99, 350, 'https://res.cloudinary.com/dahtekmsn/image/upload/v1728022589/h1218g16207258089583_chc35b.jpg', GETDATE(), GETDATE(), 1, 24, 9,0, NULL, NULL),
('Spinach', 'Fresh spinach for salads and smoothies.', 21.89, 450, 'https://res.cloudinary.com/dahtekmsn/image/upload/v1728022632/2879_cad6vz.jpg', GETDATE(), GETDATE(), 1, 21, 9,0,NULL, NULL),
('Potatoes', 'Versatile potatoes for all your cooking needs.', 31.19, 700, 'https://res.cloudinary.com/dahtekmsn/image/upload/v1728022663/iC7HBvohbJqExqvbKcV3pP-1200-80_cine9c.jpg', GETDATE(), GETDATE(), 1, 21, 9,0, NULL, NULL),
('Onions', 'Fresh onions for flavor and cooking.', 43.99, 600, 'https://res.cloudinary.com/dahtekmsn/image/upload/v1728022707/All-About-Onions-on-TheShiksa.com-history-cooking-tutorial_cfrvyw.jpg', GETDATE(), GETDATE(), 1, 21, 9,0, NULL, NULL),
('Bell Peppers', 'Colorful bell peppers for salads and stir-fries.', 42.49, 300, 'https://res.cloudinary.com/dahtekmsn/image/upload/v1728022730/SweetPeppers_vbyyru.jpg', GETDATE(), GETDATE(), 1, 21, 9,0, NULL, NULL);

INSERT INTO ProductReviews (Rating, ReviewText, ReviewDate, ProductID, UserID) VALUES
(5, 'Excellent product! Totally worth the price.', '2024-09-01', 5, 1),
(4, 'Good quality, but the packaging was slightly damaged.', '2024-09-02', 4, 2),
(3, 'Average performance, expected more for the price.', '2024-09-03', 3, 3),
(5, 'Best TV I have ever owned! Crystal clear picture.', '2024-09-01', 4, 4),
(2, 'The speaker stopped working after a few weeks.', '2024-09-04', 5, 5),
(5, 'Very comfortable shoes, perfect for long runs.', '2024-09-02', 6, 6),
(4, 'Great chair, but took a while to assemble.', '2024-09-01', 7, 7),
(5, 'Amazing laptop! Fast and reliable.', '2024-09-03', 8, 8),
(3, 'The kettle works fine, but it\''s a bit noisy.', '2024-09-02', 9, 9),
(4, 'Stylish watch with all the essential features.', '2024-09-01', 10, 10),
(5, 'Tablet is lightweight and perfect for traveling.', '2024-09-05', 11, 1),
(4, 'Good camera, but the battery life could be better.', '2024-09-06', 12, 2),
(5, 'Love this fitness tracker, especially the heart rate monitor.', '2024-09-01', 13, 3),
(3, 'Blender works well, but feels a bit flimsy.', '2024-09-02', 14, 4),
(5, 'Perfect lamp for my desk, love the USB port.', '2024-09-03', 15, 5),
(4, 'Good mat, doesn\''t slip during workouts.', '2024-09-04', 16, 6),
(5, 'Best cookware set I\''ve ever bought!', '2024-09-02', 17, 7),
(4, 'Nice keyboard, but the keys are a bit stiff.', '2024-09-01', 18, 8),
(5, 'Great action camera, perfect for my adventures.', '2024-09-06', 19, 9),
(3, 'Wallet is good, but a bit smaller than I expected.', '2024-09-07', 20, 10),
(4, 'Good headphone stand, keeps things organized.', '2024-09-01', 21, 1),
(5, 'The VR headset is super immersive, love it!', '2024-09-02', 22, 2),
(4, 'Works well for wireless charging, but a bit slow.', '2024-09-03', 23, 3),
(5, 'Great sound from these earbuds, worth every penny.', '2024-09-04', 24, 4),
(3, 'Drill is decent, but not as powerful as advertised.', '2024-09-05', 25, 5),
(4, 'Stylish sunglasses, good UV protection.', '2024-09-06', 26, 6),
(5, 'Perfect racket, improved my game.', '2024-09-07', 27, 7),
(4, 'This air purifier works well, but is a bit loud.', '2024-09-01', 28, 8),
(5, 'Best coffee maker I\''ve owned, perfect brew every time.', '2024-09-02', 29, 9),
(4, 'The electric toothbrush works well, but feels heavy.', '2024-09-03', 30, 10);


INSERT INTO [Address] (AddressLine1, AddressLine2, City, State, PostalCode, Country, IsBillingAddress, IsShippingAddress, CustomerID, IsActive) VALUES
('1, Neelankarai', 'Near Beach', 'Chennai', 'Tamil Nadu', '600041', 'India', 1, 1, 1, 1),
('2, T. Nagar', 'Opposite to Kasi Theatre', 'Chennai', 'Tamil Nadu', '600017', 'India', 1, 0, 2, 1),
('3, Anna Nagar', 'Near Anna Nagar Tower Park', 'Chennai', 'Tamil Nadu', '600040', 'India', 0, 1, 3, 1),
('4, Besant Nagar', 'Near Elliot Beach', 'Chennai', 'Tamil Nadu', '600090', 'India', 1, 1, 4, 1),
('5, Velachery', 'Near Velachery MRTS Station', 'Chennai', 'Tamil Nadu', '600042', 'India', 0, 1, 5, 1),
('6, Kotturpuram', 'Near Kotturpuram Bridge', 'Chennai', 'Tamil Nadu', '600085', 'India', 1, 0, 6, 1),
('7, Mylapore', 'Near Kapaleeswarar Temple', 'Chennai', 'Tamil Nadu', '600004', 'India', 0, 1, 7, 1),
('8, Royapettah', 'Near Siva Temple', 'Chennai', 'Tamil Nadu', '600014', 'India', 1, 1, 8, 1),
('9, Nungambakkam', 'Near M. K. Amin Jain College', 'Chennai', 'Tamil Nadu', '600034', 'India', 1, 0, 9, 1),
('10, Adyar', 'Near Adayar Anandha Bhavan', 'Chennai', 'Tamil Nadu', '600020', 'India', 0, 1, 10, 1),
('11, Porur', 'Near Ramachandra Medical College', 'Chennai', 'Tamil Nadu', '600116', 'India', 1, 1, 11, 1),
('12, Sholinganallur', 'Near IT Park', 'Chennai', 'Tamil Nadu', '600119', 'India', 0, 1, 12, 1),
('13, Pallikaranai', 'Near Pallikaranai Marsh', 'Chennai', 'Tamil Nadu', '600100', 'India', 1, 0, 13, 1),
('14, Tambaram', 'Near Tambaram Railway Station', 'Chennai', 'Tamil Nadu', '600059', 'India', 1, 1, 14, 1),
('15, Chromepet', 'Near Chromepet Bus Stand', 'Chennai', 'Tamil Nadu', '600044', 'India', 0, 1, 15, 1),
('16, Saidapet', 'Near Saidapet MRTS', 'Chennai', 'Tamil Nadu', '600015', 'India', 1, 0, 16, 1),
('17, Ekkatuthangal', 'Near Ekkatuthangal MRTS', 'Chennai', 'Tamil Nadu', '600032', 'India', 0, 1, 17, 1),
('18, Chetpet', 'Near Chetpet Lake', 'Chennai', 'Tamil Nadu', '600031', 'India', 1, 1, 18, 1),
('19, Kottivakkam', 'Near Kottivakkam Beach', 'Chennai', 'Tamil Nadu', '600041', 'India', 0, 1, 19, 1),
('20, Mambalam', 'Near Mambalam Railway Station', 'Chennai', 'Tamil Nadu', '600033', 'India', 1, 0, 20, 1);


INSERT INTO AuditLogs(UserId, Action, Timestamp) VALUES
(1, 'Created a new order', '2024-09-01 10:00:00'),
(2, 'Updated product details', '2024-09-01 11:15:00'),
(3, 'Deleted a discount code', '2024-09-01 12:30:00'),
(4, 'Added a new product', '2024-09-01 13:45:00'),
(5, 'Processed a payment', '2024-09-01 14:00:00'),
(6, 'Changed order status', '2024-09-01 15:15:00'),
(7, 'Reviewed a product', '2024-09-01 16:30:00'),
(8, 'Updated user profile', '2024-09-01 17:45:00'),
(9, 'Added a new address', '2024-09-02 09:00:00'),
(10, 'Deleted a user account', '2024-09-02 10:15:00'),
(11, 'Modified shipping details', '2024-09-02 11:30:00'),
(12, 'Logged in', '2024-09-02 12:45:00'),
(13, 'Logged out', '2024-09-02 14:00:00'),
(14, 'Updated inventory', '2024-09-02 15:15:00'),
(15, 'Changed password', '2024-09-02 16:30:00'),
(16, 'Added a new seller', '2024-09-02 17:45:00'),
(17, 'Updated seller dashboard', '2024-09-03 09:00:00'),
(18, 'Placed an order', '2024-09-03 10:15:00'),
(19, 'Edited order item', '2024-09-03 11:30:00'),
(20, 'Updated category', '2024-09-03 12:45:00'),
(21, 'Reviewed order', '2024-09-03 14:00:00'),
(22, 'Added discount code', '2024-09-03 15:15:00'),
(23, 'Updated address details', '2024-09-03 16:30:00'),
(24, 'Changed user role', '2024-09-03 17:45:00'),
(25, 'Deleted an order', '2024-09-04 09:00:00'),
(26, 'Updated product price', '2024-09-04 10:15:00'),
(27, 'Added new category', '2024-09-04 11:30:00'),
(28, 'Removed product from inventory', '2024-09-04 12:45:00'),
(29, 'Modified shipping method', '2024-09-04 14:00:00'),
(31, 'Created new cart item', '2024-09-04 15:15:00');


INSERT INTO Inventories (Quantity, LastUpdatedDate, ProductID, IsActive) VALUES
(100, '2024-09-01', 30, 1),
(50, '2024-09-02', 2, 1),
(75, '2024-09-03', 3, 1),
(20, '2024-09-04', 4, 1),
(60, '2024-09-05', 5, 1),
(80, '2024-09-06', 6, 1),
(90, '2024-09-07', 7, 1),
(110, '2024-09-08', 8, 1),
(55, '2024-09-09', 9, 1),
(70, '2024-09-10', 10, 1),
(95, '2024-09-11', 11, 1),
(30, '2024-09-12', 12, 1),
(85, '2024-09-13', 13, 1),
(40, '2024-09-14', 14, 1),
(100, '2024-09-15', 15, 1),
(25, '2024-09-16', 16, 1),
(65, '2024-09-17', 17, 1),
(110, '2024-09-18', 18, 1),
(50, '2024-09-19', 19, 1),
(75, '2024-09-20', 20, 1),
(90, '2024-09-21', 21, 1),
(80, '2024-09-22', 22, 1),
(45, '2024-09-23', 23, 1),
(60, '2024-09-24', 24, 1),
(70, '2024-09-25', 25, 1),
(85, '2024-09-26', 26, 1),
(100, '2024-09-27', 27, 1),
(95, '2024-09-28', 28, 1),
(50, '2024-09-29', 29, 1),
(110, '2024-09-30', 30, 1);


INSERT INTO Discounts (DiscountCode, Description, DiscountPercentage, ExpiryDate, MinimumPurchaseAmount, isActive) VALUES
('SUMMER2024', 'Summer Sale Discount', 0.10, '2024-12-31', 50.00, 1),
('WINTER2024', 'Winter Sale Discount', 0.15, '2024-11-30', 75.00, 1),
('FALL2024', 'Fall Clearance Discount', 0.20, '2024-11-30', 100.00, 1),
('SPRING2024', 'Spring Promotion Discount', 0.05, '2024-05-31', 30.00, 1),
('BACK2SCHOOL', 'Back to School Discount', 0.12, '2024-08-31', 40.00, 1),
('HOLIDAY25', 'Holiday Special Discount', 0.25, '2024-12-25', 200.00, 1),
('NEWYEAR2024', 'New Year Discount', 0.08, '2024-01-15', 60.00, 1),
('BLACKFRIDAY', 'Black Friday Discount', 0.30, '2024-11-29', 150.00, 1),
('CYBERMONDAY', 'Cyber Monday Discount', 0.18, '2024-12-02', 80.00, 1),
('VALENTINE', 'Valentine Special Discount', 0.10, '2024-02-14', 50.00, 1),
('EASTER20', 'Easter Sale Discount', 0.20, '2024-04-15', 70.00, 1),
('MOTHERSDAY', 'Mother\''s Day Discount', 0.15, '2024-05-12', 90.00, 1),
('FATHERSDAY', 'Father\''s Day Discount', 0.12, '2024-06-16', 80.00, 1),
('OCTOBERFEST', 'October Fest Discount', 0.08, '2024-10-31', 60.00, 1),
('LABORDAY', 'Labor Day Discount', 0.10, '2024-09-02', 50.00, 1),
('THANKSGIVING', 'Thanksgiving Discount', 0.20, '2024-11-28', 100.00, 1),
('CHRISTMAS2024', 'Christmas Discount', 0.25, '2024-12-24', 150.00, 1),
('WINTERCLEARANCE', 'Winter Clearance Discount', 0.30, '2024-02-28', 120.00, 1),
('FALLPROMO', 'Fall Promotion Discount', 0.18, '2024-11-15', 75.00, 1),
('SPRINGSALE', 'Spring Sale Discount', 0.12, '2024-06-30', 65.00, 1),
('SUMMERCLEARANCE', 'Summer Clearance Discount', 0.15, '2024-09-30', 90.00, 1),
('NEWARRIVALS', 'New Arrivals Discount', 0.10, '2024-07-31', 50.00, 1),
('EXCLUSIVE20', 'Exclusive Member Discount', 0.20, '2024-08-31', 100.00, 1),
('FLASHSALE', 'Flash Sale Discount', 0.25, '2024-03-15', 150.00, 1),
('WINTER2025', 'Winter Sale Discount 2025', 0.12, '2025-01-31', 70.00, 1),
('SPRING2025', 'Spring Promotion Discount 2025', 0.08, '2025-05-31', 60.00, 1),
('SUMMER2025', 'Summer Sale Discount 2025', 0.20, '2025-09-30', 80.00, 1),
('FALL2025', 'Fall Clearance Discount 2025', 0.15, '2025-10-31', 100.00, 1),
('HOLIDAY2025', 'Holiday Special Discount 2025', 0.30, '2025-12-25', 200.00, 1),
('NEWYEAR2025', 'New Year Discount 2025', 0.10, '2025-01-15', 50.00, 1),
('BLACKFRIDAY2025', 'Black Friday Discount 2025', 0.25, '2025-11-28', 150.00, 1),
('CYBERMONDAY2025', 'Cyber Monday Discount 2025', 0.15, '2025-12-01', 90.00, 1);


INSERT INTO Orders (OrderDate, TotalAmount, OrderStatus, UserID, SellerID, ShippingAddressID, BillingAddressID, TrackingNumber, IsActive) VALUES
('2024-09-01', 199.99, 'Pending', 1, 21, 1, 1, 'TN1234567890', 1),
('2024-09-02', 499.99, 'Delivered', 2, 22, 2, 2, 'TN2234567890', 1),
('2024-09-03', 29.99, 'Shipped', 3, 23, 3, 3, 'TN3234567890', 1),
('2024-09-04', 1299.99, 'Pending', 4, 24, 4, 4, 'TN4234567890', 1),
('2024-09-05', 59.99, 'Delivered', 5, 25, 5, 5, 'TN5234567890', 1),
('2024-09-06', 15.99, 'Shipped', 6, 26, 6, 6, 'TN6234567890', 1),
('2024-09-07', 899.99, 'Pending', 7, 27, 7, 7, 'TN7234567890', 1),
('2024-09-08', 199.99, 'Shipped', 8, 28, 8, 8, 'TN8234567890', 1),
('2024-09-09', 49.99, 'Delivered', 9, 29, 9, 9, 'TN9234567890', 1),
('2024-09-10', 249.99, 'Pending', 10, 30, 10, 10, 'TN1034567890', 1),
('2024-09-11', 749.99, 'Shipped', 11, 31, 11, 11, 'TN1134567890', 1),
('2024-09-12', 9.99, 'Delivered', 12, 32, 12, 12, 'TN1234567891', 1),
('2024-09-13', 399.99, 'Pending', 13, 23, 13, 13, 'TN1334567890', 1),
('2024-09-14', 549.99, 'Delivered', 14, 24, 14, 14, 'TN1434567890', 1),
('2024-09-15', 19.99, 'Shipped', 15, 25, 15, 15, 'TN1534567890', 1),
('2024-09-16', 69.99, 'Delivered', 16, 26, 16, 16, 'TN1634567890', 1),
('2024-09-17', 11.99, 'Pending', 17, 27, 17, 17, 'TN1734567890', 1),
('2024-09-18', 199.99, 'Shipped', 18, 28, 18, 18, 'TN1834567890', 1),
('2024-09-19', 1599.99, 'Delivered', 19, 29, 19, 19, 'TN1934567890', 1),
('2024-09-20', 39.99, 'Pending', 20, 30, 20, 20, 'TN2034567890', 1);

INSERT INTO OrderItems (Quantity, Price, OrderID, ProductID) VALUES
(2, 39.99, 41, 3),
(1, 199.99, 23, 5),
(3, 9.99, 24, 3),
(1, 1299.99, 25, 4),
(2, 29.99, 26, 5),
(5, 3.99, 27, 6),
(1, 899.99, 28, 7),
(2, 99.99, 29, 8),
(1, 49.99, 30, 9),
(3, 79.99, 31, 10),
(1, 749.99, 32, 11),
(4, 2.49, 33, 12),
(1, 399.99, 34, 13),
(3, 183.33, 35, 14),
(5, 3.99, 36, 15),
(1, 69.99, 37, 16),
(1, 11.99, 38, 17),
(2, 99.99, 39, 18),
(1, 1599.99, 40, 19),
(2, 19.99, 41, 20);
